"idep","nombre_dep","iprov","nombre_prov","imun","nombre_mun","id_municipio"
"01","Chuquisaca","01","Oropeza","01","Sucre","010101"
"01","Chuquisaca","01","Oropeza","02","Yotala","010102"
"01","Chuquisaca","01","Oropeza","03","Poroma","010103"
"01","Chuquisaca","02","Azurduy","01","Azurduy","010201"
"01","Chuquisaca","02","Azurduy","02","Tarvita","010202"
"01","Chuquisaca","03","Zudáñez","01","Zudáñez","010301"
"01","Chuquisaca","03","Zudáñez","02","Presto","010302"
"01","Chuquisaca","03","Zudáñez","03","Mojocoya","010303"
"01","Chuquisaca","03","Zudáñez","04","Icla","010304"
"01","Chuquisaca","04","Tomina","01","Padilla","010401"
"01","Chuquisaca","04","Tomina","02","Tomina","010402"
"01","Chuquisaca","04","Tomina","03","Sopachuy","010403"
"01","Chuquisaca","04","Tomina","04","Alcalá","010404"
"01","Chuquisaca","04","Tomina","05","El Villar","010405"
"01","Chuquisaca","05","Hernando Siles","01","Monteagudo","010501"
"01","Chuquisaca","05","Hernando Siles","02","Huacareta","010502"
"01","Chuquisaca","06","Yamparáez","01","Tarabuco","010601"
"01","Chuquisaca","06","Yamparáez","02","Yamparáez","010602"
"01","Chuquisaca","07","Nor Cinti","01","Camargo","010701"
"01","Chuquisaca","07","Nor Cinti","02","San Lucas","010702"
"01","Chuquisaca","07","Nor Cinti","03","Incahuasi","010703"
"01","Chuquisaca","07","Nor Cinti","04","Villa Charcas","010704"
"01","Chuquisaca","08","Belisario Boeto","01","Villa Serrano","010801"
"01","Chuquisaca","09","Sud Cinti","01","Villa Abecia","010901"
"01","Chuquisaca","09","Sud Cinti","02","Culpina","010902"
"01","Chuquisaca","09","Sud Cinti","03","Las Carreras","010903"
"01","Chuquisaca","10","Luis Calvo","01","Villa Vaca Guzmán","011001"
"01","Chuquisaca","10","Luis Calvo","02","Huacaya (Autonomía Guaraní Chaqueño de Huacaya)","011002"
"01","Chuquisaca","10","Luis Calvo","03","Macharetí","011003"
"02","La Paz","01","Murillo","01","Nuestra Señora de La Paz","020101"
"02","La Paz","01","Murillo","02","Palca","020102"
"02","La Paz","01","Murillo","03","Mecapaca","020103"
"02","La Paz","01","Murillo","04","Achocalla","020104"
"02","La Paz","01","Murillo","05","El Alto","020105"
"02","La Paz","02","Omasuyos","01","Achacachi","020201"
"02","La Paz","02","Omasuyos","02","Villa Ancoraimes","020202"
"02","La Paz","02","Omasuyos","03","Huarina","020203"
"02","La Paz","02","Omasuyos","04","Santiago de Huata","020204"
"02","La Paz","02","Omasuyos","05","Huatajata","020205"
"02","La Paz","02","Omasuyos","06","Chua Cocani","020206"
"02","La Paz","03","Pacajes","01","Corocoro","020301"
"02","La Paz","03","Pacajes","02","Caquiaviri","020302"
"02","La Paz","03","Pacajes","03","Calacoto","020303"
"02","La Paz","03","Pacajes","04","Comanche","020304"
"02","La Paz","03","Pacajes","05","Charaña","020305"
"02","La Paz","03","Pacajes","06","Waldo Ballivián","020306"
"02","La Paz","03","Pacajes","07","Nazacara de Pacajes","020307"
"02","La Paz","03","Pacajes","08","Santiago de Callapa","020308"
"02","La Paz","04","Camacho","01","Puerto Acosta","020401"
"02","La Paz","04","Camacho","02","Mocomoco","020402"
"02","La Paz","04","Camacho","03","Puerto Mayor de Carabuco","020403"
"02","La Paz","04","Camacho","04","Humanata","020404"
"02","La Paz","04","Camacho","05","Escoma","020405"
"02","La Paz","05","Muñecas","01","Chuma","020501"
"02","La Paz","05","Muñecas","02","Ayata","020502"
"02","La Paz","05","Muñecas","03","Aucapata","020503"
"02","La Paz","06","Larecaja","01","Sorata","020601"
"02","La Paz","06","Larecaja","02","Guanay","020602"
"02","La Paz","06","Larecaja","03","Tacacoma","020603"
"02","La Paz","06","Larecaja","04","Quiabaya","020604"
"02","La Paz","06","Larecaja","05","Combaya","020605"
"02","La Paz","06","Larecaja","06","Tipuani","020606"
"02","La Paz","06","Larecaja","07","Mapiri","020607"
"02","La Paz","06","Larecaja","08","Teoponte","020608"
"02","La Paz","07","Franz Tamayo","01","Apolo","020701"
"02","La Paz","07","Franz Tamayo","02","Pelechuco","020702"
"02","La Paz","08","Ingavi","01","Viacha","020801"
"02","La Paz","08","Ingavi","02","Puerto Mayor de Guaqui","020802"
"02","La Paz","08","Ingavi","03","Tiahuanacu","020803"
"02","La Paz","08","Ingavi","04","Desaguadero","020804"
"02","La Paz","08","Ingavi","05","La (Marka) San Andrés de Machaca","020805"
"02","La Paz","08","Ingavi","06","Jesús de Machaka","020806"
"02","La Paz","08","Ingavi","07","Taraco","020807"
"02","La Paz","09","Loayza","01","Luribay","020901"
"02","La Paz","09","Loayza","02","Sapahaqui","020902"
"02","La Paz","09","Loayza","03","Yaco","020903"
"02","La Paz","09","Loayza","04","Malla","020904"
"02","La Paz","09","Loayza","05","Cairoma","020905"
"02","La Paz","10","Inquisivi","01","Inquisivi","021001"
"02","La Paz","10","Inquisivi","02","Quime","021002"
"02","La Paz","10","Inquisivi","03","Cajuata","021003"
"02","La Paz","10","Inquisivi","04","Colquiri","021004"
"02","La Paz","10","Inquisivi","05","Ichoca","021005"
"02","La Paz","10","Inquisivi","06","Villa Libertad Licoma","021006"
"02","La Paz","11","Sur Yungas","01","Chulumani","021101"
"02","La Paz","11","Sur Yungas","02","Irupana","021102"
"02","La Paz","11","Sur Yungas","03","Yanacachi","021103"
"02","La Paz","11","Sur Yungas","04","Palos Blancos","021104"
"02","La Paz","11","Sur Yungas","05","La Asunta","021105"
"02","La Paz","12","Los Andes","01","Pucarani","021201"
"02","La Paz","12","Los Andes","02","Laja","021202"
"02","La Paz","12","Los Andes","03","Batallas","021203"
"02","La Paz","12","Los Andes","04","Puerto Pérez","021204"
"02","La Paz","13","Aroma","01","Sicasica","021301"
"02","La Paz","13","Aroma","02","Umala","021302"
"02","La Paz","13","Aroma","03","Ayo Ayo","021303"
"02","La Paz","13","Aroma","04","Calamarca","021304"
"02","La Paz","13","Aroma","05","Patacamaya","021305"
"02","La Paz","13","Aroma","06","Colquencha","021306"
"02","La Paz","13","Aroma","07","Collana","021307"
"02","La Paz","14","Nor Yungas","01","Coroico","021401"
"02","La Paz","14","Nor Yungas","02","Coripata","021402"
"02","La Paz","15","Abel Iturralde","01","Ixiamas","021501"
"02","La Paz","15","Abel Iturralde","02","San Buenaventura","021502"
"02","La Paz","16","Bautista Saavedra","01","Charazani","021601"
"02","La Paz","16","Bautista Saavedra","02","Curva","021602"
"02","La Paz","17","Manco Kapac","01","Copacabana","021701"
"02","La Paz","17","Manco Kapac","02","San Pedro de Tiquina","021702"
"02","La Paz","17","Manco Kapac","03","Tito Yupanqui","021703"
"02","La Paz","18","Gualberto Villarroel","01","San Pedro de Curahuara","021801"
"02","La Paz","18","Gualberto Villarroel","02","Papel Pampa","021802"
"02","La Paz","18","Gualberto Villarroel","03","Chacarilla","021803"
"02","La Paz","19","General José Manuel Pando","01","Santiago de Machaca","021901"
"02","La Paz","19","General José Manuel Pando","02","Catacora","021902"
"02","La Paz","20","Caranavi","01","Caranavi","022001"
"02","La Paz","20","Caranavi","02","Alto Beni","022002"
"03","Cochabamba","01","Cercado","01","Cochabamba","030101"
"03","Cochabamba","02","Campero","01","Aiquile","030201"
"03","Cochabamba","02","Campero","02","Pasorapa","030202"
"03","Cochabamba","02","Campero","03","Omereque","030203"
"03","Cochabamba","03","Ayopaya","01","Ayopaya","030301"
"03","Cochabamba","03","Ayopaya","02","Morochata","030302"
"03","Cochabamba","03","Ayopaya","03","Cocapata","030303"
"03","Cochabamba","04","Esteban Arze","01","Tarata","030401"
"03","Cochabamba","04","Esteban Arze","02","Anzaldo","030402"
"03","Cochabamba","04","Esteban Arze","03","Arbieto","030403"
"03","Cochabamba","04","Esteban Arze","04","Sacabamba","030404"
"03","Cochabamba","05","Arani","01","Arani","030501"
"03","Cochabamba","05","Arani","02","Vacas","030502"
"03","Cochabamba","06","Arque","01","Arque","030601"
"03","Cochabamba","06","Arque","02","Tacopaya","030602"
"03","Cochabamba","07","Capinota","01","Capinota","030701"
"03","Cochabamba","07","Capinota","02","Santiváñez","030702"
"03","Cochabamba","07","Capinota","03","Sicaya","030703"
"03","Cochabamba","08","Germán Jordán","01","Cliza","030801"
"03","Cochabamba","08","Germán Jordán","02","Toco","030802"
"03","Cochabamba","08","Germán Jordán","03","Tolata","030803"
"03","Cochabamba","09","Quillacollo","01","Quillacollo","030901"
"03","Cochabamba","09","Quillacollo","02","Sipesipe","030902"
"03","Cochabamba","09","Quillacollo","03","Tiquipaya","030903"
"03","Cochabamba","09","Quillacollo","04","Vinto","030904"
"03","Cochabamba","09","Quillacollo","05","Colcapirhua","030905"
"03","Cochabamba","10","Chapare","01","Sacaba","031001"
"03","Cochabamba","10","Chapare","02","Colomi","031002"
"03","Cochabamba","10","Chapare","03","Villa Tunari","031003"
"03","Cochabamba","11","Tapacarí","01","Tapacarí","031101"
"03","Cochabamba","12","Carrasco","01","Totora","031201"
"03","Cochabamba","12","Carrasco","02","Pojo","031202"
"03","Cochabamba","12","Carrasco","03","Pocona","031203"
"03","Cochabamba","12","Carrasco","04","Chimoré","031204"
"03","Cochabamba","12","Carrasco","05","Puerto Villarroel","031205"
"03","Cochabamba","12","Carrasco","06","Entre Ríos","031206"
"03","Cochabamba","13","Mizque","01","Mizque","031301"
"03","Cochabamba","13","Mizque","02","Vila Vila","031302"
"03","Cochabamba","13","Mizque","03","Alalay","031303"
"03","Cochabamba","13","Mizque","04","TIOC-Raqaypampa","031304"
"03","Cochabamba","14","Punata","01","Punata","031401"
"03","Cochabamba","14","Punata","02","Villa Rivero","031402"
"03","Cochabamba","14","Punata","03","San Benito","031403"
"03","Cochabamba","14","Punata","04","Tacachi","031404"
"03","Cochabamba","14","Punata","05","Villa Gualberto Villarroel","031405"
"03","Cochabamba","15","Bolívar","01","Bolívar","031501"
"03","Cochabamba","16","Tiraque","01","Tiraque","031601"
"03","Cochabamba","16","Tiraque","02","Shinahota","031602"
"04","Oruro","01","Cercado","01","Oruro","040101"
"04","Oruro","01","Cercado","02","Caracollo","040102"
"04","Oruro","01","Cercado","03","El Choro","040103"
"04","Oruro","01","Cercado","04","Paria","040104"
"04","Oruro","02","Abaroa","01","Challapata","040201"
"04","Oruro","02","Abaroa","02","Santuario de Quillacas","040202"
"04","Oruro","03","Carangas","01","Corque","040301"
"04","Oruro","03","Carangas","02","Choquecota","040302"
"04","Oruro","04","Sajama","01","Curahuara de Carangas","040401"
"04","Oruro","04","Sajama","02","Turco","040402"
"04","Oruro","05","Litoral","01","Huachacalla","040501"
"04","Oruro","05","Litoral","02","Escara","040502"
"04","Oruro","05","Litoral","03","Cruz de Machacamarca","040503"
"04","Oruro","05","Litoral","04","Yunguyo del Litoral","040504"
"04","Oruro","05","Litoral","05","Esmeralda","040505"
"04","Oruro","06","Poopó","01","Poopó","040601"
"04","Oruro","06","Poopó","02","Pazña","040602"
"04","Oruro","06","Poopó","03","Antequera","040603"
"04","Oruro","07","Pantaleón Dalence","01","Huanuni","040701"
"04","Oruro","07","Pantaleón Dalence","02","Machacamarca","040702"
"04","Oruro","08","Ladislao Cabrera","01","Salinas de Garci Mendoza (Autonomía Indígena Originario Campesina de Salinas)","040801"
"04","Oruro","08","Ladislao Cabrera","02","Pampa Aullagas","040802"
"04","Oruro","09","Sabaya","01","Sabaya","040901"
"04","Oruro","09","Sabaya","02","Coipasa","040902"
"04","Oruro","09","Sabaya","03","Uru Chipaya (Nación Originaria Uru Chipaya)","040903"
"04","Oruro","10","Saucarí","01","Toledo","041001"
"04","Oruro","11","Tomás Barrón","01","Eucaliptus","041101"
"04","Oruro","12","Sur Carangas","01","Andamarca","041201"
"04","Oruro","12","Sur Carangas","02","Belén de Andamarca","041202"
"04","Oruro","13","San Pedro de Totora","01","Totora","041301"
"04","Oruro","14","Sebastián Pagador","01","Santiago de Huari","041401"
"04","Oruro","15","Mejillones","01","La Rivera","041501"
"04","Oruro","15","Mejillones","02","Todos Santos","041502"
"04","Oruro","15","Mejillones","03","Carangas","041503"
"04","Oruro","16","Nor Carangas","01","Santiago de Huayllamarca","041601"
"05","Potosí","01","Tomás Frías","01","Potosí","050101"
"05","Potosí","01","Tomás Frías","02","Tinguipaya","050102"
"05","Potosí","01","Tomás Frías","03","Yocalla","050103"
"05","Potosí","01","Tomás Frías","04","Urmiri","050104"
"05","Potosí","02","Rafael Bustillo","01","Uncía","050201"
"05","Potosí","02","Rafael Bustillo","02","Chayanta","050202"
"05","Potosí","02","Rafael Bustillo","03","Llallagua","050203"
"05","Potosí","02","Rafael Bustillo","04","Chuquihuta Ayllu Jucumani","050204"
"05","Potosí","03","Cornelio Saavedra","01","Betanzos","050301"
"05","Potosí","03","Cornelio Saavedra","02","Chaquí","050302"
"05","Potosí","03","Cornelio Saavedra","03","Tacobamba","050303"
"05","Potosí","04","Chayanta","01","Colquechaca","050401"
"05","Potosí","04","Chayanta","02","Ravelo","050402"
"05","Potosí","04","Chayanta","03","Pocoata","050403"
"05","Potosí","04","Chayanta","04","Ocurí","050404"
"05","Potosí","04","Chayanta","05","San Pedro de Macha","050405"
"05","Potosí","05","Charcas","01","San Pedro","050501"
"05","Potosí","05","Charcas","02","Toro Toro","050502"
"05","Potosí","06","Nor Chichas","01","Cotagaita","050601"
"05","Potosí","06","Nor Chichas","02","Vitichi","050602"
"05","Potosí","07","Alonso de Ibáñez","01","Sacaca","050701"
"05","Potosí","07","Alonso de Ibáñez","02","Caripuyo","050702"
"05","Potosí","08","Sur Chichas","01","Tupiza","050801"
"05","Potosí","08","Sur Chichas","02","Atocha","050802"
"05","Potosí","09","Nor Lípez","01","Colcha ""K""","050901"
"05","Potosí","09","Nor Lípez","02","San Pedro de Quemes","050902"
"05","Potosí","10","Sur Lípez","01","San Pablo","051001"
"05","Potosí","10","Sur Lípez","02","Mojinete","051002"
"05","Potosí","10","Sur Lípez","03","San Antonio de Esmoruco","051003"
"05","Potosí","11","José María Linares","01","Puna","051101"
"05","Potosí","11","José María Linares","02","Caiza ""D""","051102"
"05","Potosí","11","José María Linares","03","Ckochas","051103"
"05","Potosí","12","Antonio Quijarro","01","Uyuni","051201"
"05","Potosí","12","Antonio Quijarro","02","Tomave","051202"
"05","Potosí","12","Antonio Quijarro","03","Porco","051203"
"05","Potosí","12","Antonio Quijarro","04","TIOC-Jatun Ayllu Yura","051204"
"05","Potosí","13","General Bernardino Bilbao","01","Arampampa","051301"
"05","Potosí","13","General Bernardino Bilbao","02","Acasio","051302"
"05","Potosí","14","Daniel Campos","01","Llica","051401"
"05","Potosí","14","Daniel Campos","02","Tahua","051402"
"05","Potosí","15","Modesto Omiste","01","Villazón","051501"
"05","Potosí","16","Enrique Baldivieso","01","San Agustín","051601"
"06","Tarija","01","Cercado","01","Tarija","060101"
"06","Tarija","02","Arce","01","Padcaya","060201"
"06","Tarija","02","Arce","02","Bermejo","060202"
"06","Tarija","03","Gran Chaco","01","Yacuiba","060301"
"06","Tarija","03","Gran Chaco","02","Caraparí","060302"
"06","Tarija","03","Gran Chaco","03","Villa Montes","060303"
"06","Tarija","04","Avilez","01","Uriondo","060401"
"06","Tarija","04","Avilez","02","Yunchará","060402"
"06","Tarija","05","Méndez","01","San Lorenzo","060501"
"06","Tarija","05","Méndez","02","El Puente","060502"
"06","Tarija","06","O'Connor","01","Entre Ríos","060601"
"07","Santa Cruz","01","Andrés Ibáñez","01","Santa Cruz de la Sierra","070101"
"07","Santa Cruz","01","Andrés Ibáñez","02","Cotoca","070102"
"07","Santa Cruz","01","Andrés Ibáñez","03","Porongo","070103"
"07","Santa Cruz","01","Andrés Ibáñez","04","La Guardia","070104"
"07","Santa Cruz","01","Andrés Ibáñez","05","El Torno","070105"
"07","Santa Cruz","02","Warnes","01","Warnes","070201"
"07","Santa Cruz","02","Warnes","02","Okinawa Uno","070202"
"07","Santa Cruz","03","Velasco","01","San Ignacio","070301"
"07","Santa Cruz","03","Velasco","02","San Miguel","070302"
"07","Santa Cruz","03","Velasco","03","San Rafael","070303"
"07","Santa Cruz","04","Ichilo","01","Buena Vista","070401"
"07","Santa Cruz","04","Ichilo","02","San Carlos","070402"
"07","Santa Cruz","04","Ichilo","03","Yapacaní","070403"
"07","Santa Cruz","04","Ichilo","04","San Juan","070404"
"07","Santa Cruz","05","Chiquitos","01","San José","070501"
"07","Santa Cruz","05","Chiquitos","02","Pailón","070502"
"07","Santa Cruz","05","Chiquitos","03","Roboré","070503"
"07","Santa Cruz","06","Sara","01","Portachuelo","070601"
"07","Santa Cruz","06","Sara","02","Santa Rosa","070602"
"07","Santa Cruz","06","Sara","03","Colpa Bélgica","070603"
"07","Santa Cruz","07","Cordillera","01","Lagunillas","070701"
"07","Santa Cruz","07","Cordillera","02","Charagua (Autonomía Guaraní Charagua Iyambae)","070702"
"07","Santa Cruz","07","Cordillera","03","Cabezas","070703"
"07","Santa Cruz","07","Cordillera","04","Cuevo","070704"
"07","Santa Cruz","07","Cordillera","05","Gutiérrez (Autonomía Indígena Kereimba Iyaambae)","070705"
"07","Santa Cruz","07","Cordillera","06","Camiri","070706"
"07","Santa Cruz","07","Cordillera","07","Boyuibe","070707"
"07","Santa Cruz","08","Valle Grande","01","Vallegrande","070801"
"07","Santa Cruz","08","Valle Grande","02","Trigal","070802"
"07","Santa Cruz","08","Valle Grande","03","Moromoro","070803"
"07","Santa Cruz","08","Valle Grande","04","Postrervalle","070804"
"07","Santa Cruz","08","Valle Grande","05","Pucará","070805"
"07","Santa Cruz","09","Florida","01","Samaipata","070901"
"07","Santa Cruz","09","Florida","02","Pampagrande","070902"
"07","Santa Cruz","09","Florida","03","Mairana","070903"
"07","Santa Cruz","09","Florida","04","Quirusillas","070904"
"07","Santa Cruz","10","Obispo Santisteban","01","Montero","071001"
"07","Santa Cruz","10","Obispo Santisteban","02","General Saavedra","071002"
"07","Santa Cruz","10","Obispo Santisteban","03","Mineros","071003"
"07","Santa Cruz","10","Obispo Santisteban","04","Fernández Alonso","071004"
"07","Santa Cruz","10","Obispo Santisteban","05","San Pedro","071005"
"07","Santa Cruz","11","Ñuflo de Chávez","01","Concepción","071101"
"07","Santa Cruz","11","Ñuflo de Chávez","02","San Javier","071102"
"07","Santa Cruz","11","Ñuflo de Chávez","03","San Julián","071103"
"07","Santa Cruz","11","Ñuflo de Chávez","04","San Antonio de Lomerio","071104"
"07","Santa Cruz","11","Ñuflo de Chávez","05","San Ramón","071105"
"07","Santa Cruz","11","Ñuflo de Chávez","06","Cuatro Cañadas","071106"
"07","Santa Cruz","12","Ángel Sandoval","01","San Matías","071201"
"07","Santa Cruz","13","Manuel María Caballero","01","Comarapa","071301"
"07","Santa Cruz","13","Manuel María Caballero","02","Saipina","071302"
"07","Santa Cruz","14","Germán Busch","01","Puerto Suárez","071401"
"07","Santa Cruz","14","Germán Busch","02","Puerto Quijarro","071402"
"07","Santa Cruz","14","Germán Busch","03","El Carmen Rivero Tórrez","071403"
"07","Santa Cruz","15","Guarayos","01","Ascención de Guarayos","071501"
"07","Santa Cruz","15","Guarayos","02","Urubichá","071502"
"07","Santa Cruz","15","Guarayos","03","El Puente","071503"
"08","Beni","01","Cercado","01","Trinidad","080101"
"08","Beni","01","Cercado","02","San Javier","080102"
"08","Beni","02","Vaca Diez","01","Riberalta","080201"
"08","Beni","02","Vaca Diez","02","Guayaramerín","080202"
"08","Beni","03","General José Ballivián","01","Reyes","080301"
"08","Beni","03","General José Ballivián","02","San Borja","080302"
"08","Beni","03","General José Ballivián","03","Santa Rosa","080303"
"08","Beni","03","General José Ballivián","04","Puerto Menor de Rurrenabaque","080304"
"08","Beni","04","Yacuma","01","Santa Ana","080401"
"08","Beni","04","Yacuma","02","Exaltación","080402"
"08","Beni","05","Moxos","01","San Ignacio","080501"
"08","Beni","06","Marbán","01","Loreto","080601"
"08","Beni","06","Marbán","02","San Andrés","080602"
"08","Beni","07","Mamoré","01","San Joaquín","080701"
"08","Beni","07","Mamoré","02","San Ramón","080702"
"08","Beni","07","Mamoré","03","Puerto Siles","080703"
"08","Beni","08","Iténez","01","Magdalena","080801"
"08","Beni","08","Iténez","02","Baures","080802"
"08","Beni","08","Iténez","03","Huacaraje","080803"
"08","Beni","09","Territorio Indígena Multiétnico","01","TIOC-Territorio Indígena Multiétnico","080901"
"09","Pando","01","Nicolás Suárez","01","Cobija","090101"
"09","Pando","01","Nicolás Suárez","02","Porvenir","090102"
"09","Pando","01","Nicolás Suárez","03","Bolpebra","090103"
"09","Pando","01","Nicolás Suárez","04","Bella Flor","090104"
"09","Pando","02","Manuripi","01","Puerto Rico","090201"
"09","Pando","02","Manuripi","02","San Pedro","090202"
"09","Pando","02","Manuripi","03","Filadelfia","090203"
"09","Pando","03","Madre de Dios","01","Puerto Gonzalo Moreno","090301"
"09","Pando","03","Madre de Dios","02","San Lorenzo","090302"
"09","Pando","03","Madre de Dios","03","Sena","090303"
"09","Pando","04","Abuná","01","Santa Rosa","090401"
"09","Pando","04","Abuná","02","Ingavi","090402"
"09","Pando","05","Federico Román","01","Nueva Esperanza","090501"
"09","Pando","05","Federico Román","02","Villa Nueva","090502"
"09","Pando","05","Federico Román","03","Santos Mercado","090503"
